service_description = PMOMax,service_description,sku_id,sku_description,usage_start_time,usage_end_time,project_id,project_name,export_time,cost,currency,usage_amount,usage_unit,usage_amount_in_pricing_units,usage_pricing_unit,invoice_month
D18E-0126-E413,PMOMax,8C07-5103-055C,PMO-Max Pricing By Tokens Tokens Usage,2026-04-21 17:00:00.000000 UTC,2026-04-21 18:00:00.000000 UTC,pid-architect-ehlu1,PID Architect,2026-04-21 22:31:09.534344 UTC,0.240833,USD,221,requests,221,count,202604
D18E-0126-E413,PMOMax,8C07-5103-055C,PMO-Max Pricing By Tokens Tokens Usage,2026-04-21 17:00:00.000000 UTC,2026-04-21 18:00:00.000000 UTC,pid-architect-ehlu1,PID Architect,2026-04-21 22:31:09.534344 UTC,1.503845,USD,"1,380",requests,"1,380",count,202604
D18E-0126-E413,PMOMax,8C07-5103-055C,PMO-Max Pricing By Tokens Tokens Usage,2026-04-21 17:00:00.000000 UTC,2026-04-21 18:00:00.000000 UTC,pid-architect-ehlu1,PID Architect,2026-04-21 22:31:09.534344 UTC,1.503845,USD,"1,380",requests,"1,380",count,202604
D18E-0126-E413,PMOMax,8C07-5103-055C,PMO-Max Pricing By Tokens Tokens Usage,2026-04-21 17:00:00.000000 UTC,2026-04-21 18:00:00.000000 UTC,pid-architect-ehlu1,PID Architect,2026-04-21 22:31:09.534344 UTC,0.239744,USD,220,requests,220,count,202604
D18E-0126-E413,PMOMax,8C07-5103-055C,PMO-Max Pricing By Tokens Tokens Usage,2026-04-21 18:00:00.000000 UTC,2026-04-21 19:00:00.000000 UTC,pid-architect-ehlu1,PID Architect,2026-04-21 22:31:09.534344 UTC,0.849999,USD,780,requests,780,count,202604
D18E-0126-E413,PMOMax,8C07-5103-055C,PMO-Max Pricing By Tokens Tokens Usage,2026-04-21 18:00:00.000000 UTC,2026-04-21 19:00:00.000000 UTC,pid-architect-ehlu1,PID Architect,2026-04-21 23:06:34.112838 UTC,2.508588,USD,"2,302",requests,"2,302",count,202604
D18E-0126-E413,PMOMax,8C07-5103-055C,PMO-Max Pricing By Tokens Tokens Usage,2026-04-21 18:00:00.000000 UTC,2026-04-21 19:00:00.000000 UTC,pid-architect-ehlu1,PID Architect,2026-04-21 23:06:34.112838 UTC,0.543782,USD,499,requests,499,count,202604
D18E-0126-E413,PMOMax,8C07-5103-055C,PMO-Max Pricing By Tokens Tokens Usage,2026-04-21 18:00:00.000000 UTC,2026-04-21 19:00:00.000000 UTC,pid-architect-ehlu1,PID Architect,2026-04-21 22:31:09.534344 UTC,0.544872,USD,500,requests,500,count,202604
D18E-0126-E413,PMOMax,8C07-5103-055C,PMO-Max Pricing By Tokens Tokens Usage,2026-04-21 18:00:00.000000 UTC,2026-04-21 19:00:00.000000 UTC,pid-architect-ehlu1,PID Architect,2026-04-21 23:06:34.112838 UTC,2.508589,USD,"2,302",requests,"2,302",count,202604
D18E-0126-E413,PMOMax,8C07-5103-055C,PMO-Max Pricing By Tokens Tokens Usage,2026-04-21 18:00:00.000000 UTC,2026-04-21 19:00:00.000000 UTC,pid-architect-ehlu1,PID Architect,2026-04-21 23:06:34.112838 UTC,0.784616,USD,720,requests,720,count,202604
D18E-0126-E413,PMOMax,8C07-5103-055C,PMO-Max Pricing By Tokens Tokens Usage,2026-04-21 19:00:00.000000 UTC,2026-04-21 20:00:00.000000 UTC,pid-architect-ehlu1,PID Architect,2026-04-21 23:06:34.112838 UTC,0.956794,USD,878,requests,878,count,202604
D18E-0126-E413,PMOMax,8C07-5103-055C,PMO-Max Pricing By Tokens Tokens Usage,2026-04-21 19:00:00.000000 UTC,2026-04-21 20:00:00.000000 UTC,pid-architect-ehlu1,PID Architect,2026-04-21 23:57:55.464240 UTC,2.966282,USD,"2,722",requests,"2,722",count,202604
D18E-0126-E413,PMOMax,8C07-5103-055C,PMO-Max Pricing By Tokens Tokens Usage,2026-04-21 19:00:00.000000 UTC,2026-04-21 20:00:00.000000 UTC,pid-architect-ehlu1,PID Architect,2026-04-21 23:06:34.112838 UTC,0.956795,USD,878,requests,878,count,202604
D18E-0126-E413,PMOMax,8C07-5103-055C,PMO-Max Pricing By Tokens Tokens Usage,2026-04-21 19:00:00.000000 UTC,2026-04-21 20:00:00.000000 UTC,pid-architect-ehlu1,PID Architect,2026-04-21 23:57:55.464240 UTC,2.966281,USD,"2,722",requests,"2,722",count,202604
D18E-0126-E413,PMOMax,8C07-5103-055C,PMO-Max Pricing By Tokens Tokens Usage,2026-04-21 20:00:00.000000 UTC,2026-04-21 21:00:00.000000 UTC,pid-architect-ehlu1,PID Architect,2026-04-22 01:45:32.173149 UTC,2.835512,USD,"2,602",requests,"2,602",count,202604
D18E-0126-E413,PMOMax,8C07-5103-055C,PMO-Max Pricing By Tokens Tokens Usage,2026-04-21 20:00:00.000000 UTC,2026-04-21 21:00:00.000000 UTC,pid-architect-ehlu1,PID Architect,2026-04-21 23:57:55.464240 UTC,1.087564,USD,998,requests,998,count,202604
D18E-0126-E413,PMOMax,8C07-5103-055C,PMO-Max Pricing By Tokens Tokens Usage,2026-04-21 20:00:00.000000 UTC,2026-04-21 21:00:00.000000 UTC,pid-architect-ehlu1,PID Architect,2026-04-21 23:57:55.464240 UTC,1.087564,USD,998,requests,998,count,202604
D18E-0126-E413,PMOMax,8C07-5103-055C,PMO-Max Pricing By Tokens Tokens Usage,2026-04-21 20:00:00.000000 UTC,2026-04-21 21:00:00.000000 UTC,pid-architect-ehlu1,PID Architect,2026-04-22 01:44:10.690231 UTC,0.023973,USD,22,requests,22,count,202604
D18E-0126-E413,PMOMax,8C07-5103-055C,PMO-Max Pricing By Tokens Tokens Usage,2026-04-21 20:00:00.000000 UTC,2026-04-21 21:00:00.000000 UTC,pid-architect-ehlu1,PID Architect,2026-04-22 01:44:10.690231 UTC,0.000001,USD,0,requests,0,count,202604
D18E-0126-E413,PMOMax,8C07-5103-055C,PMO-Max Pricing By Tokens Tokens Usage,2026-04-21 20:00:00.000000 UTC,2026-04-21 21:00:00.000000 UTC,pid-architect-ehlu1,PID Architect,2026-04-22 01:45:32.173149 UTC,2.811538,USD,"2,580",requests,"2,580",count,202604
D18E-0126-E413,PMOMax,8C07-5103-055C,PMO-Max Pricing By Tokens Tokens Usage,2026-04-21 21:00:00.000000 UTC,2026-04-21 22:00:00.000000 UTC,pid-architect-ehlu1,PID Architect,2026-04-22 01:44:10.690231 UTC,0.237564,USD,218,requests,218,count,202604
D18E-0126-E413,PMOMax,8C07-5103-055C,PMO-Max Pricing By Tokens Tokens Usage,2026-04-21 21:00:00.000000 UTC,2026-04-21 22:00:00.000000 UTC,pid-architect-ehlu1,PID Architect,2026-04-22 01:44:10.690231 UTC,3.644102,USD,"3,344",requests,"3,344",count,202604
D18E-0126-E413,PMOMax,8C07-5103-055C,PMO-Max Pricing By Tokens Tokens Usage,2026-04-21 21:00:00.000000 UTC,2026-04-21 22:00:00.000000 UTC,pid-architect-ehlu1,PID Architect,2026-04-22 01:44:10.690231 UTC,0.237564,USD,218,requests,218,count,202604
D18E-0126-E413,PMOMax,8C07-5103-055C,PMO-Max Pricing By Tokens Tokens Usage,2026-04-21 21:00:00.000000 UTC,2026-04-21 22:00:00.000000 UTC,pid-architect-ehlu1,PID Architect,2026-04-22 01:44:10.690231 UTC,3.638653,USD,"3,339",requests,"3,339",count,202604
D18E-0126-E413,PMOMax,8C07-5103-055C,PMO-Max Pricing By Tokens Tokens Usage,2026-04-21 22:00:00.000000 UTC,2026-04-21 23:00:00.000000 UTC,pid-architect-ehlu1,PID Architect,2026-04-22 01:44:10.690231 UTC,0.284423,USD,261,requests,261,count,202604
D18E-0126-E413,PMOMax,8C07-5103-055C,PMO-Max Pricing By Tokens Tokens Usage,2026-04-21 22:00:00.000000 UTC,2026-04-21 23:00:00.000000 UTC,pid-architect-ehlu1,PID Architect,2026-04-22 03:25:46.864849 UTC,0.000001,USD,0,requests,0,count,202604
D18E-0126-E413,PMOMax,8C07-5103-055C,PMO-Max Pricing By Tokens Tokens Usage,2026-04-21 22:00:00.000000 UTC,2026-04-21 23:00:00.000000 UTC,pid-architect-ehlu1,PID Architect,2026-04-22 01:44:10.690231 UTC,0.196154,USD,180,requests,180,count,202604
D18E-0126-E413,PMOMax,8C07-5103-055C,PMO-Max Pricing By Tokens Tokens Usage,2026-04-21 22:00:00.000000 UTC,2026-04-21 23:00:00.000000 UTC,pid-architect-ehlu1,PID Architect,2026-04-22 01:44:10.690231 UTC,0.065384,USD,60,requests,60,count,202604
D18E-0126-E413,PMOMax,8C07-5103-055C,PMO-Max Pricing By Tokens Tokens Usage,2026-04-21 22:00:00.000000 UTC,2026-04-21 23:00:00.000000 UTC,pid-architect-ehlu1,PID Architect,2026-04-22 03:25:46.864849 UTC,3.425064,USD,"3,143",requests,"3,143",count,202604
D18E-0126-E413,PMOMax,8C07-5103-055C,PMO-Max Pricing By Tokens Tokens Usage,2026-04-21 22:00:00.000000 UTC,2026-04-21 23:00:00.000000 UTC,pid-architect-ehlu1,PID Architect,2026-04-22 03:25:46.864849 UTC,3.289934,USD,"3,019",requests,"3,019",count,202604
D18E-0126-E413,PMOMax,8C07-5103-055C,PMO-Max Pricing By Tokens Tokens Usage,2026-04-21 22:00:00.000000 UTC,2026-04-21 23:00:00.000000 UTC,pid-architect-ehlu1,PID Architect,2026-04-22 01:44:10.690231 UTC,0.278974,USD,256,requests,256,count,202604
D18E-0126-E413,PMOMax,8C07-5103-055C,PMO-Max Pricing By Tokens Tokens Usage,2026-04-21 22:00:00.000000 UTC,2026-04-21 23:00:00.000000 UTC,pid-architect-ehlu1,PID Architect,2026-04-22 03:25:46.864849 UTC,0,USD,0,requests,0,count,202604
D18E-0126-E413,PMOMax,8C07-5103-055C,PMO-Max Pricing By Tokens Tokens Usage,2026-04-21 23:00:00.000000 UTC,2026-04-22 00:00:00.000000 UTC,pid-architect-ehlu1,PID Architect,2026-04-22 05:38:36.829238 UTC,3.878397,USD,"3,559",requests,"3,559",count,202604
D18E-0126-E413,PMOMax,8C07-5103-055C,PMO-Max Pricing By Tokens Tokens Usage,2026-04-21 23:00:00.000000 UTC,2026-04-22 00:00:00.000000 UTC,pid-architect-ehlu1,PID Architect,2026-04-22 03:25:46.864849 UTC,0.044679,USD,41,requests,41,count,202604
D18E-0126-E413,PMOMax,8C07-5103-055C,PMO-Max Pricing By Tokens Tokens Usage,2026-04-21 23:00:00.000000 UTC,2026-04-22 00:00:00.000000 UTC,pid-architect-ehlu1,PID Architect,2026-04-22 05:38:36.829238 UTC,3.475191,USD,"3,189",requests,"3,189",count,202604
D18E-0126-E413,PMOMax,8C07-5103-055C,PMO-Max Pricing By Tokens Tokens Usage,2026-04-21 23:00:00.000000 UTC,2026-04-22 00:00:00.000000 UTC,pid-architect-ehlu1,PID Architect,2026-04-22 05:38:36.829238 UTC,0.196154,USD,180,requests,180,count,202604
D18E-0126-E413,PMOMax,8C07-5103-055C,PMO-Max Pricing By Tokens Tokens Usage,2026-04-21 23:00:00.000000 UTC,2026-04-22 00:00:00.000000 UTC,pid-architect-ehlu1,PID Architect,2026-04-22 03:25:46.864849 UTC,0.17109,USD,157,requests,157,count,202604
D18E-0126-E413,PMOMax,8C07-5103-055C,PMO-Max Pricing By Tokens Tokens Usage,2026-04-22 00:00:00.000000 UTC,2026-04-22 01:00:00.000000 UTC,pid-architect-ehlu1,PID Architect,2026-04-22 05:38:36.829238 UTC,0.251731,USD,231,requests,231,count,202604
D18E-0126-E413,PMOMax,8C07-5103-055C,PMO-Max Pricing By Tokens Tokens Usage,2026-04-22 00:00:00.000000 UTC,2026-04-22 01:00:00.000000 UTC,pid-architect-ehlu1,PID Architect,2026-04-22 05:38:36.829238 UTC,0.130769,USD,120,requests,120,count,202604
D18E-0126-E413,PMOMax,8C07-5103-055C,PMO-Max Pricing By Tokens Tokens Usage,2026-04-22 00:00:00.000000 UTC,2026-04-22 01:00:00.000000 UTC,pid-architect-ehlu1,PID Architect,2026-04-22 05:46:23.562074 UTC,3.792306,USD,"3,480",requests,"3,480",count,202604
D18E-0126-E413,PMOMax,8C07-5103-055C,PMO-Max Pricing By Tokens Tokens Usage,2026-04-22 00:00:00.000000 UTC,2026-04-22 01:00:00.000000 UTC,pid-architect-ehlu1,PID Architect,2026-04-22 05:46:23.562074 UTC,3.671346,USD,"3,369",requests,"3,369",count,202604
D18E-0126-E413,PMOMax,8C07-5103-055C,PMO-Max Pricing By Tokens Tokens Usage,2026-04-22 01:00:00.000000 UTC,2026-04-22 02:00:00.000000 UTC,pid-architect-ehlu1,PID Architect,2026-04-22 05:46:23.562074 UTC,0.175449,USD,161,requests,161,count,202604
D18E-0126-E413,PMOMax,8C07-5103-055C,PMO-Max Pricing By Tokens Tokens Usage,2026-04-22 01:00:00.000000 UTC,2026-04-22 02:00:00.000000 UTC,pid-architect-ehlu1,PID Architect,2026-04-22 06:44:31.648551 UTC,3.671346,USD,"3,369",requests,"3,369",count,202604
D18E-0126-E413,PMOMax,8C07-5103-055C,PMO-Max Pricing By Tokens Tokens Usage,2026-04-22 01:00:00.000000 UTC,2026-04-22 02:00:00.000000 UTC,pid-architect-ehlu1,PID Architect,2026-04-22 05:46:23.562074 UTC,0.25173,USD,231,requests,231,count,202604
D18E-0126-E413,PMOMax,8C07-5103-055C,PMO-Max Pricing By Tokens Tokens Usage,2026-04-22 01:00:00.000000 UTC,2026-04-22 02:00:00.000000 UTC,pid-architect-ehlu1,PID Architect,2026-04-22 06:44:31.648551 UTC,3.747627,USD,"3,439",requests,"3,439",count,202604
D18E-0126-E413,PMOMax,8C07-5103-055C,PMO-Max Pricing By Tokens Tokens Usage,2026-04-22 02:00:00.000000 UTC,2026-04-22 03:00:00.000000 UTC,pid-architect-ehlu1,PID Architect,2026-04-22 06:42:19.907159 UTC,0.065384,USD,60,requests,60,count,202604
D18E-0126-E413,PMOMax,8C07-5103-055C,PMO-Max Pricing By Tokens Tokens Usage,2026-04-22 02:00:00.000000 UTC,2026-04-22 03:00:00.000000 UTC,pid-architect-ehlu1,PID Architect,2026-04-22 06:42:19.907159 UTC,0.130769,USD,120,requests,120,count,202604
D18E-0126-E413,PMOMax,8C07-5103-055C,PMO-Max Pricing By Tokens Tokens Usage,2026-04-22 02:00:00.000000 UTC,2026-04-22 03:00:00.000000 UTC,pid-architect-ehlu1,PID Architect,2026-04-22 07:11:12.440358 UTC,3.857691,USD,"3,540",requests,"3,540",count,202604
D18E-0126-E413,PMOMax,8C07-5103-055C,PMO-Max Pricing By Tokens Tokens Usage,2026-04-22 02:00:00.000000 UTC,2026-04-22 03:00:00.000000 UTC,pid-architect-ehlu1,PID Architect,2026-04-22 07:11:12.440358 UTC,3.792307,USD,"3,480",requests,"3,480",count,202604
D18E-0126-E413,PMOMax,8C07-5103-055C,PMO-Max Pricing By Tokens Tokens Usage,2026-04-22 03:00:00.000000 UTC,2026-04-22 04:00:00.000000 UTC,pid-architect-ehlu1,PID Architect,2026-04-22 07:56:37.605184 UTC,3.792307,USD,"3,480",requests,"3,480",count,202604
D18E-0126-E413,PMOMax,8C07-5103-055C,PMO-Max Pricing By Tokens Tokens Usage,2026-04-22 03:00:00.000000 UTC,2026-04-22 04:00:00.000000 UTC,pid-architect-ehlu1,PID Architect,2026-04-22 07:11:12.440358 UTC,0.130769,USD,120,requests,120,count,202604
D18E-0126-E413,PMOMax,8C07-5103-055C,PMO-Max Pricing By Tokens Tokens Usage,2026-04-22 03:00:00.000000 UTC,2026-04-22 04:00:00.000000 UTC,pid-architect-ehlu1,PID Architect,2026-04-22 07:11:12.440358 UTC,0.175448,USD,161,requests,161,count,202604
D18E-0126-E413,PMOMax,8C07-5103-055C,PMO-Max Pricing By Tokens Tokens Usage,2026-04-22 03:00:00.000000 UTC,2026-04-22 04:00:00.000000 UTC,pid-architect-ehlu1,PID Architect,2026-04-22 07:56:37.605184 UTC,3.747627,USD,"3,439",requests,"3,439",count,202604
D18E-0126-E413,PMOMax,8C07-5103-055C,PMO-Max Pricing By Tokens Tokens Usage,2026-04-22 04:00:00.000000 UTC,2026-04-22 05:00:00.000000 UTC,pid-architect-ehlu1,PID Architect,2026-04-22 09:45:58.803190 UTC,-0.000001,USD,0,requests,0,count,202604
D18E-0126-E413,PMOMax,8C07-5103-055C,PMO-Max Pricing By Tokens Tokens Usage,2026-04-22 04:00:00.000000 UTC,2026-04-22 05:00:00.000000 UTC,pid-architect-ehlu1,PID Architect,2026-04-22 07:56:37.605184 UTC,0.774807,USD,711,requests,711,count,202604
D18E-0126-E413,PMOMax,8C07-5103-055C,PMO-Max Pricing By Tokens Tokens Usage,2026-04-22 04:00:00.000000 UTC,2026-04-22 05:00:00.000000 UTC,pid-architect-ehlu1,PID Architect,2026-04-22 11:16:55.626327 UTC,3.017499,USD,"2,769",requests,"2,769",count,202604
D18E-0126-E413,PMOMax,8C07-5103-055C,PMO-Max Pricing By Tokens Tokens Usage,2026-04-22 04:00:00.000000 UTC,2026-04-22 05:00:00.000000 UTC,pid-architect-ehlu1,PID Architect,2026-04-22 09:45:58.803190 UTC,0.130769,USD,120,requests,120,count,202604
D18E-0126-E413,PMOMax,8C07-5103-055C,PMO-Max Pricing By Tokens Tokens Usage,2026-04-22 04:00:00.000000 UTC,2026-04-22 05:00:00.000000 UTC,pid-architect-ehlu1,PID Architect,2026-04-22 11:16:55.626327 UTC,0.974231,USD,894,requests,894,count,202604
D18E-0126-E413,PMOMax,8C07-5103-055C,PMO-Max Pricing By Tokens Tokens Usage,2026-04-22 04:00:00.000000 UTC,2026-04-22 05:00:00.000000 UTC,pid-architect-ehlu1,PID Architect,2026-04-22 09:45:58.803190 UTC,0,USD,0,requests,0,count,202604
D18E-0126-E413,PMOMax,8C07-5103-055C,PMO-Max Pricing By Tokens Tokens Usage,2026-04-22 04:00:00.000000 UTC,2026-04-22 05:00:00.000000 UTC,pid-architect-ehlu1,PID Architect,2026-04-22 11:16:55.626327 UTC,1.896153,USD,"1,740",requests,"1,740",count,202604
D18E-0126-E413,PMOMax,8C07-5103-055C,PMO-Max Pricing By Tokens Tokens Usage,2026-04-22 04:00:00.000000 UTC,2026-04-22 05:00:00.000000 UTC,pid-architect-ehlu1,PID Architect,2026-04-22 07:56:37.605184 UTC,0.960064,USD,881,requests,881,count,202604
D18E-0126-E413,PMOMax,8C07-5103-055C,PMO-Max Pricing By Tokens Tokens Usage,2026-04-22 05:00:00.000000 UTC,2026-04-22 06:00:00.000000 UTC,pid-architect-ehlu1,PID Architect,2026-04-22 12:27:12.325426 UTC,0.130769,USD,120,requests,120,count,202604
D18E-0126-E413,PMOMax,8C07-5103-055C,PMO-Max Pricing By Tokens Tokens Usage,2026-04-22 05:00:00.000000 UTC,2026-04-22 06:00:00.000000 UTC,pid-architect-ehlu1,PID Architect,2026-04-22 11:16:55.626327 UTC,0.071923,USD,66,requests,66,count,202604
D18E-0126-E413,PMOMax,8C07-5103-055C,PMO-Max Pricing By Tokens Tokens Usage,2026-04-22 05:00:00.000000 UTC,2026-04-22 06:00:00.000000 UTC,pid-architect-ehlu1,PID Architect,2026-04-22 09:45:58.803190 UTC,3.8675,USD,"3,549",requests,"3,549",count,202604
D18E-0126-E413,PMOMax,8C07-5103-055C,PMO-Max Pricing By Tokens Tokens Usage,2026-04-22 05:00:00.000000 UTC,2026-04-22 06:00:00.000000 UTC,pid-architect-ehlu1,PID Architect,2026-04-22 09:45:58.803190 UTC,3.720383,USD,"3,414",requests,"3,414",count,202604
D18E-0126-E413,PMOMax,8C07-5103-055C,PMO-Max Pricing By Tokens Tokens Usage,2026-04-22 05:00:00.000000 UTC,2026-04-22 06:00:00.000000 UTC,pid-architect-ehlu1,PID Architect,2026-04-22 11:16:55.626327 UTC,0.055577,USD,51,requests,51,count,202604
D18E-0126-E413,PMOMax,8C07-5103-055C,PMO-Max Pricing By Tokens Tokens Usage,2026-04-22 05:00:00.000000 UTC,2026-04-22 06:00:00.000000 UTC,pid-architect-ehlu1,PID Architect,2026-04-22 12:27:12.325426 UTC,-0.000001,USD,0,requests,0,count,202604
D18E-0126-E413,PMOMax,8C07-5103-055C,PMO-Max Pricing By Tokens Tokens Usage,2026-04-22 06:00:00.000000 UTC,2026-04-22 07:00:00.000000 UTC,pid-architect-ehlu1,PID Architect,2026-04-22 09:45:58.803190 UTC,2.0825,USD,"1,911",requests,"1,911",count,202604
D18E-0126-E413,PMOMax,8C07-5103-055C,PMO-Max Pricing By Tokens Tokens Usage,2026-04-22 06:00:00.000000 UTC,2026-04-22 07:00:00.000000 UTC,pid-architect-ehlu1,PID Architect,2026-04-22 11:17:28.175714 UTC,1.111537,USD,"1,020",requests,"1,020",count,202604
D18E-0126-E413,PMOMax,8C07-5103-055C,PMO-Max Pricing By Tokens Tokens Usage,2026-04-22 06:00:00.000000 UTC,2026-04-22 07:00:00.000000 UTC,pid-architect-ehlu1,PID Architect,2026-04-22 11:17:28.175714 UTC,0.729039,USD,669,requests,669,count,202604
D18E-0126-E413,PMOMax,8C07-5103-055C,PMO-Max Pricing By Tokens Tokens Usage,2026-04-22 06:00:00.000000 UTC,2026-04-22 07:00:00.000000 UTC,pid-architect-ehlu1,PID Architect,2026-04-22 09:45:58.803190 UTC,1.968076,USD,"1,806",requests,"1,806",count,202604
D18E-0126-E413,PMOMax,8C07-5103-055C,PMO-Max Pricing By Tokens Tokens Usage,2026-04-22 06:00:00.000000 UTC,2026-04-22 07:00:00.000000 UTC,pid-architect-ehlu1,PID Architect,2026-04-22 11:17:28.175714 UTC,1.840577,USD,"1,689",requests,"1,689",count,202604
D18E-0126-E413,PMOMax,8C07-5103-055C,PMO-Max Pricing By Tokens Tokens Usage,2026-04-22 07:00:00.000000 UTC,2026-04-22 08:00:00.000000 UTC,pid-architect-ehlu1,PID Architect,2026-04-22 11:57:25.041779 UTC,0.55141,USD,506,requests,506,count,202604
D18E-0126-E413,PMOMax,8C07-5103-055C,PMO-Max Pricing By Tokens Tokens Usage,2026-04-22 07:00:00.000000 UTC,2026-04-22 08:00:00.000000 UTC,pid-architect-ehlu1,PID Architect,2026-04-22 11:57:25.041779 UTC,1.775191,USD,"1,629",requests,"1,629",count,202604
D18E-0126-E413,PMOMax,8C07-5103-055C,PMO-Max Pricing By Tokens Tokens Usage,2026-04-22 07:00:00.000000 UTC,2026-04-22 08:00:00.000000 UTC,pid-architect-ehlu1,PID Architect,2026-04-22 11:57:25.041779 UTC,1.176923,USD,"1,080",requests,"1,080",count,202604
D18E-0126-E413,PMOMax,8C07-5103-055C,PMO-Max Pricing By Tokens Tokens Usage,2026-04-22 07:00:00.000000 UTC,2026-04-22 08:00:00.000000 UTC,pid-architect-ehlu1,PID Architect,2026-04-22 12:27:12.325426 UTC,2.147885,USD,"1,971",requests,"1,971",count,202604
D18E-0126-E413,PMOMax,8C07-5103-055C,PMO-Max Pricing By Tokens Tokens Usage,2026-04-22 07:00:00.000000 UTC,2026-04-22 08:00:00.000000 UTC,pid-architect-ehlu1,PID Architect,2026-04-22 12:27:12.325426 UTC,2.147883,USD,"1,971",requests,"1,971",count,202604
D18E-0126-E413,PMOMax,8C07-5103-055C,PMO-Max Pricing By Tokens Tokens Usage,2026-04-22 08:00:00.000000 UTC,2026-04-22 09:00:00.000000 UTC,pid-architect-ehlu1,PID Architect,2026-04-22 12:35:05.671848 UTC,0.518718,USD,476,requests,476,count,202604
D18E-0126-E413,PMOMax,8C07-5103-055C,PMO-Max Pricing By Tokens Tokens Usage,2026-04-22 08:00:00.000000 UTC,2026-04-22 09:00:00.000000 UTC,pid-architect-ehlu1,PID Architect,2026-04-22 11:57:25.041779 UTC,2.147884,USD,"1,971",requests,"1,971",count,202604
D18E-0126-E413,PMOMax,8C07-5103-055C,PMO-Max Pricing By Tokens Tokens Usage,2026-04-22 08:00:00.000000 UTC,2026-04-22 09:00:00.000000 UTC,pid-architect-ehlu1,PID Architect,2026-04-22 12:35:05.671848 UTC,1.176921,USD,"1,080",requests,"1,080",count,202604
D18E-0126-E413,PMOMax,8C07-5103-055C,PMO-Max Pricing By Tokens Tokens Usage,2026-04-22 08:00:00.000000 UTC,2026-04-22 09:00:00.000000 UTC,pid-architect-ehlu1,PID Architect,2026-04-22 12:35:05.671848 UTC,1.775193,USD,"1,629",requests,"1,629",count,202604
D18E-0126-E413,PMOMax,8C07-5103-055C,PMO-Max Pricing By Tokens Tokens Usage,2026-04-22 08:00:00.000000 UTC,2026-04-22 09:00:00.000000 UTC,pid-architect-ehlu1,PID Architect,2026-04-22 11:57:25.041779 UTC,2.129358,USD,"1,954",requests,"1,954",count,202604
D18E-0126-E413,PMOMax,8C07-5103-055C,PMO-Max Pricing By Tokens Tokens Usage,2026-04-22 09:00:00.000000 UTC,2026-04-22 10:00:00.000000 UTC,pid-architect-ehlu1,PID Architect,2026-04-22 14:23:06.020526 UTC,1.775191,USD,"1,629",requests,"1,629",count,202604
D18E-0126-E413,PMOMax,8C07-5103-055C,PMO-Max Pricing By Tokens Tokens Usage,2026-04-22 09:00:00.000000 UTC,2026-04-22 10:00:00.000000 UTC,pid-architect-ehlu1,PID Architect,2026-04-22 12:35:05.671848 UTC,2.147884,USD,"1,971",requests,"1,971",count,202604
D18E-0126-E413,PMOMax,8C07-5103-055C,PMO-Max Pricing By Tokens Tokens Usage,2026-04-22 09:00:00.000000 UTC,2026-04-22 10:00:00.000000 UTC,pid-architect-ehlu1,PID Architect,2026-04-22 14:23:06.020526 UTC,1.242308,USD,"1,140",requests,"1,140",count,202604
D18E-0126-E413,PMOMax,8C07-5103-055C,PMO-Max Pricing By Tokens Tokens Usage,2026-04-22 09:00:00.000000 UTC,2026-04-22 10:00:00.000000 UTC,pid-architect-ehlu1,PID Architect,2026-04-22 12:35:05.671848 UTC,2.16205,USD,"1,984",requests,"1,984",count,202604
D18E-0126-E413,PMOMax,8C07-5103-055C,PMO-Max Pricing By Tokens Tokens Usage,2026-04-22 09:00:00.000000 UTC,2026-04-22 10:00:00.000000 UTC,pid-architect-ehlu1,PID Architect,2026-04-22 14:23:06.020526 UTC,0.483846,USD,444,requests,444,count,202604
D18E-0126-E413,PMOMax,8C07-5103-055C,PMO-Max Pricing By Tokens Tokens Usage,2026-04-22 10:00:00.000000 UTC,2026-04-22 11:00:00.000000 UTC,pid-architect-ehlu1,PID Architect,2026-04-22 16:41:37.090793 UTC,0.532883,USD,489,requests,489,count,202604
D18E-0126-E413,PMOMax,8C07-5103-055C,PMO-Max Pricing By Tokens Tokens Usage,2026-04-22 10:00:00.000000 UTC,2026-04-22 11:00:00.000000 UTC,pid-architect-ehlu1,PID Architect,2026-04-22 14:23:06.020526 UTC,3.390192,USD,"3,111",requests,"3,111",count,202604
D18E-0126-E413,PMOMax,8C07-5103-055C,PMO-Max Pricing By Tokens Tokens Usage,2026-04-22 10:00:00.000000 UTC,2026-04-22 11:00:00.000000 UTC,pid-architect-ehlu1,PID Architect,2026-04-22 14:23:06.020526 UTC,3.243075,USD,"2,976",requests,"2,976",count,202604
D18E-0126-E413,PMOMax,8C07-5103-055C,PMO-Max Pricing By Tokens Tokens Usage,2026-04-22 10:00:00.000000 UTC,2026-04-22 11:00:00.000000 UTC,pid-architect-ehlu1,PID Architect,2026-04-22 16:41:37.090793 UTC,0.680001,USD,624,requests,624,count,202604
D18E-0126-E413,PMOMax,8C07-5103-055C,PMO-Max Pricing By Tokens Tokens Usage,2026-04-22 11:00:00.000000 UTC,2026-04-22 12:00:00.000000 UTC,pid-architect-ehlu1,PID Architect,2026-04-22 15:41:30.452295 UTC,1.791538,USD,"1,644",requests,"1,644",count,202604
D18E-0126-E413,PMOMax,8C07-5103-055C,PMO-Max Pricing By Tokens Tokens Usage,2026-04-22 11:00:00.000000 UTC,2026-04-22 12:00:00.000000 UTC,pid-architect-ehlu1,PID Architect,2026-04-22 16:41:37.090793 UTC,2.147884,USD,"1,971",requests,"1,971",count,202604
D18E-0126-E413,PMOMax,8C07-5103-055C,PMO-Max Pricing By Tokens Tokens Usage,2026-04-22 11:00:00.000000 UTC,2026-04-22 12:00:00.000000 UTC,pid-architect-ehlu1,PID Architect,2026-04-22 16:41:37.090793 UTC,2.131537,USD,"1,956",requests,"1,956",count,202604
D18E-0126-E413,PMOMax,8C07-5103-055C,PMO-Max Pricing By Tokens Tokens Usage,2026-04-22 11:00:00.000000 UTC,2026-04-22 12:00:00.000000 UTC,pid-architect-ehlu1,PID Architect,2026-04-22 15:41:30.452295 UTC,1.775192,USD,"1,629",requests,"1,629",count,202604
D18E-0126-E413,PMOMax,8C07-5103-055C,PMO-Max Pricing By Tokens Tokens Usage,2026-04-22 12:00:00.000000 UTC,2026-04-22 13:00:00.000000 UTC,pid-architect-ehlu1,PID Architect,2026-04-22 15:56:23.963635 UTC,0.653846,USD,600,requests,600,count,202604
D18E-0126-E413,PMOMax,8C07-5103-055C,PMO-Max Pricing By Tokens Tokens Usage,2026-04-22 12:00:00.000000 UTC,2026-04-22 13:00:00.000000 UTC,pid-architect-ehlu1,PID Architect,2026-04-22 15:56:23.963635 UTC,1.346922,USD,"1,236",requests,"1,236",count,202604
D18E-0126-E413,PMOMax,8C07-5103-055C,PMO-Max Pricing By Tokens Tokens Usage,2026-04-22 12:00:00.000000 UTC,2026-04-22 13:00:00.000000 UTC,pid-architect-ehlu1,PID Architect,2026-04-22 15:56:23.963635 UTC,0.719231,USD,660,requests,660,count,202604
D18E-0126-E413,PMOMax,8C07-5103-055C,PMO-Max Pricing By Tokens Tokens Usage,2026-04-22 12:00:00.000000 UTC,2026-04-22 13:00:00.000000 UTC,pid-architect-ehlu1,PID Architect,2026-04-22 15:56:23.963635 UTC,1.428654,USD,"1,311",requests,"1,311",count,202604
